{
  "cv_logreg": {
    "accuracy": {
      "mean": 0.6637492519108983,
      "std": 0.011721982253296574
    },
    "f1_macro": {
      "mean": 0.6216446856588563,
      "std": 0.012560706872262024
    },
    "f1_weighted": {
      "mean": 0.653185127993891,
      "std": 0.011482720328017787
    },
    "precision_macro": {
      "mean": 0.6354456287944219,
      "std": 0.01403036780236437
    },
    "recall_macro": {
      "mean": 0.619182435959313,
      "std": 0.011908059045800775
    },
    "roc_auc_ovr": {
      "mean": 0.6840878028004734,
      "std": 0.01756850215374542
    }
  },
  "cv_linear_svm": {
    "accuracy": {
      "mean": 0.6594839493643234,
      "std": 0.004717485283091298
    },
    "f1_macro": {
      "mean": 0.5554167397324321,
      "std": 0.011892505995118402
    },
    "f1_weighted": {
      "mean": 0.6092160602358534,
      "std": 0.009131664095406302
    },
    "precision_macro": {
      "mean": 0.643957625191669,
      "std": 0.0097942604370038
    },
    "recall_macro": {
      "mean": 0.574538998323128,
      "std": 0.007062973761527404
    },
    "roc_auc_ovr": {
      "mean": 0.6694278881512242,
      "std": 0.014689173411533411
    }
  },
  "val_logreg": {
    "accuracy": 0.6621160409556314,
    "precision_macro": 0.6347829573398909,
    "precision_weighted": 0.6537859583298818,
    "recall_macro": 0.6252483854942872,
    "recall_weighted": 0.6621160409556314,
    "f1_macro": 0.6277717893440098,
    "f1_weighted": 0.6559417934748905,
    "roc_auc_ovr": 0.6850223546944858
  },
  "test_logreg": {
    "accuracy": 0.6552901023890785,
    "precision_macro": 0.6272195640616693,
    "precision_weighted": 0.6471142174393477,
    "recall_macro": 0.6188772975658221,
    "recall_weighted": 0.6552901023890785,
    "f1_macro": 0.6211126048268356,
    "f1_weighted": 0.6494643925773326,
    "roc_auc_ovr": 0.6897416790859414
  },
  "val_linear_svm": {
    "accuracy": 0.658703071672355,
    "precision_macro": 0.6375410828576371,
    "precision_weighted": 0.6453040234781116,
    "recall_macro": 0.5789990064580228,
    "recall_weighted": 0.658703071672355,
    "f1_macro": 0.5649785458702656,
    "f1_weighted": 0.6152865633963871,
    "roc_auc_ovr": 0.6764406358668654
  },
  "test_linear_svm": {
    "accuracy": 0.6808873720136519,
    "precision_macro": 0.6765648388252904,
    "precision_weighted": 0.6781747619005475,
    "recall_macro": 0.6040114257327373,
    "recall_weighted": 0.6808873720136519,
    "f1_macro": 0.5956905934657886,
    "f1_weighted": 0.6419312242018036,
    "roc_auc_ovr": 0.6755588673621462
  }
}
