{
  "cv_logreg": {
    "accuracy": {
      "mean": 0.6680170575692965,
      "std": 0.010447724406310366
    },
    "f1_macro": {
      "mean": 0.6269242484923379,
      "std": 0.010775760619630573
    },
    "f1_weighted": {
      "mean": 0.6578605495662158,
      "std": 0.009966367000099556
    },
    "precision_macro": {
      "mean": 0.6406862383248317,
      "std": 0.012065838928670514
    },
    "recall_macro": {
      "mean": 0.6241973588603281,
      "std": 0.010186508843162568
    },
    "roc_auc_ovr": {
      "mean": 0.6844606957714893,
      "std": 0.01808774673723227
    }
  },
  "cv_linear_svm": {
    "accuracy": {
      "mean": 0.6663131210846212,
      "std": 0.010237724412801848
    },
    "f1_macro": {
      "mean": 0.5613876030258769,
      "std": 0.022322469192298567
    },
    "f1_weighted": {
      "mean": 0.6150298970763479,
      "std": 0.017849597128963255
    },
    "precision_macro": {
      "mean": 0.6590993723422496,
      "std": 0.01711647419149535
    },
    "recall_macro": {
      "mean": 0.5805742457832902,
      "std": 0.014562343960138625
    },
    "roc_auc_ovr": {
      "mean": 0.6690509538259112,
      "std": 0.017160106870776293
    }
  },
  "val_logreg": {
    "accuracy": 0.6621160409556314,
    "precision_macro": 0.6341801762593842,
    "precision_weighted": 0.6525524116001594,
    "recall_macro": 0.622528564331843,
    "recall_weighted": 0.6621160409556314,
    "f1_macro": 0.6251599147121536,
    "f1_weighted": 0.6544837974923045,
    "roc_auc_ovr": 0.6879284649776453
  },
  "test_logreg": {
    "accuracy": 0.6552901023890785,
    "precision_macro": 0.6259852216748769,
    "precision_weighted": 0.6449166932867062,
    "recall_macro": 0.614344262295082,
    "recall_weighted": 0.6552901023890785,
    "f1_macro": 0.6166709844559586,
    "f1_weighted": 0.6469849157367947,
    "roc_auc_ovr": 0.6920640834575259
  },
  "val_linear_svm": {
    "accuracy": 0.6621160409556314,
    "precision_macro": 0.6421880227500836,
    "precision_weighted": 0.6496482552065195,
    "recall_macro": 0.5844510680576254,
    "recall_weighted": 0.6621160409556314,
    "f1_macro": 0.5727541867350094,
    "f1_weighted": 0.6214363908999752,
    "roc_auc_ovr": 0.6788623944361649
  },
  "test_linear_svm": {
    "accuracy": 0.6723549488054608,
    "precision_macro": 0.6654793906810036,
    "precision_weighted": 0.6679518820262518,
    "recall_macro": 0.5917411823149528,
    "recall_weighted": 0.6723549488054608,
    "f1_macro": 0.5789536711324003,
    "f1_weighted": 0.6283615933797438,
    "roc_auc_ovr": 0.6784898161947343
  }
}
