{
  "cv_logreg": {
    "accuracy": {
      "mean": 0.6571376233635907,
      "std": 0.01842261818346405
    },
    "f1_macro": {
      "mean": 0.6013798798639984,
      "std": 0.02164275119019355
    },
    "f1_weighted": {
      "mean": 0.6386750601071427,
      "std": 0.019524801941230418
    },
    "precision_macro": {
      "mean": 0.6261530353694925,
      "std": 0.02420739890417817
    },
    "recall_macro": {
      "mean": 0.6012524690105747,
      "std": 0.019748010170645376
    },
    "roc_auc_ovr": {
      "mean": 0.6696214781379031,
      "std": 0.018622275525018904
    }
  },
  "cv_linear_svm": {
    "accuracy": {
      "mean": 0.6605523230015496,
      "std": 0.011345059697061512
    },
    "f1_macro": {
      "mean": 0.5625916309329098,
      "std": 0.014122669041758178
    },
    "f1_weighted": {
      "mean": 0.6143558505743438,
      "std": 0.012188618503831008
    },
    "precision_macro": {
      "mean": 0.6438477448954849,
      "std": 0.024325539498786165
    },
    "recall_macro": {
      "mean": 0.5784697554215473,
      "std": 0.011110471577706756
    },
    "roc_auc_ovr": {
      "mean": 0.661671294473129,
      "std": 0.018884627117850175
    }
  },
  "val_logreg": {
    "accuracy": 0.6706484641638225,
    "precision_macro": 0.644272265139066,
    "precision_weighted": 0.6576435327002272,
    "recall_macro": 0.6166666666666667,
    "recall_weighted": 0.6706484641638225,
    "f1_macro": 0.6183080386221048,
    "f1_weighted": 0.653523255806855,
    "roc_auc_ovr": 0.7022478887232986
  },
  "test_logreg": {
    "accuracy": 0.7013651877133106,
    "precision_macro": 0.6847710902584737,
    "precision_weighted": 0.6931833757737729,
    "recall_macro": 0.6494162940884252,
    "recall_weighted": 0.7013651877133106,
    "f1_macro": 0.6539062526366235,
    "f1_weighted": 0.6858371490476664,
    "roc_auc_ovr": 0.6991430700447094
  },
  "val_linear_svm": {
    "accuracy": 0.658703071672355,
    "precision_macro": 0.6347634094960298,
    "precision_weighted": 0.6439131233121121,
    "recall_macro": 0.582625434674615,
    "recall_weighted": 0.658703071672355,
    "f1_macro": 0.5717939349652904,
    "f1_weighted": 0.6198573211745003,
    "roc_auc_ovr": 0.7007824143070044
  },
  "test_linear_svm": {
    "accuracy": 0.6945392491467577,
    "precision_macro": 0.707081807081807,
    "precision_weighted": 0.702549100501319,
    "recall_macro": 0.6158469945355192,
    "recall_weighted": 0.6945392491467577,
    "f1_macro": 0.6082697528858614,
    "f1_weighted": 0.6540710127189191,
    "roc_auc_ovr": 0.6929210134128166
  }
}
