{
  "cv_logreg": {
    "accuracy": {
      "mean": 0.6607621292834501,
      "std": 0.01624474807968333
    },
    "f1_macro": {
      "mean": 0.6054018700926933,
      "std": 0.017767806401897054
    },
    "f1_weighted": {
      "mean": 0.6423694366499616,
      "std": 0.016340442653100452
    },
    "precision_macro": {
      "mean": 0.6312700499554337,
      "std": 0.02114727559653906
    },
    "recall_macro": {
      "mean": 0.6049475900158494,
      "std": 0.016394601409781714
    },
    "roc_auc_ovr": {
      "mean": 0.6723953692543709,
      "std": 0.020809116157425575
    }
  },
  "cv_linear_svm": {
    "accuracy": {
      "mean": 0.6626867947197994,
      "std": 0.012575511999786392
    },
    "f1_macro": {
      "mean": 0.5653259763117384,
      "std": 0.018059376342632636
    },
    "f1_weighted": {
      "mean": 0.6167454978438538,
      "std": 0.01508925394885423
    },
    "precision_macro": {
      "mean": 0.6480139682433634,
      "std": 0.02488522591155006
    },
    "recall_macro": {
      "mean": 0.5808666072424605,
      "std": 0.013331829039658157
    },
    "roc_auc_ovr": {
      "mean": 0.6651808501904493,
      "std": 0.020814320988847418
    }
  },
  "val_logreg": {
    "accuracy": 0.6860068259385665,
    "precision_macro": 0.6635062611806798,
    "precision_weighted": 0.6754956132049551,
    "recall_macro": 0.6362146050670641,
    "recall_weighted": 0.6860068259385665,
    "f1_macro": 0.639741259488934,
    "f1_weighted": 0.671906843782488,
    "roc_auc_ovr": 0.7072839046199701
  },
  "test_logreg": {
    "accuracy": 0.6928327645051194,
    "precision_macro": 0.6737319511292114,
    "precision_weighted": 0.6833482226908754,
    "recall_macro": 0.639865871833085,
    "recall_weighted": 0.6928327645051194,
    "f1_macro": 0.643494484101233,
    "f1_weighted": 0.6765375526286066,
    "roc_auc_ovr": 0.6982799304520616
  },
  "val_linear_svm": {
    "accuracy": 0.658703071672355,
    "precision_macro": 0.6353909465020576,
    "precision_weighted": 0.6442084860742427,
    "recall_macro": 0.581718827620467,
    "recall_weighted": 0.658703071672355,
    "f1_macro": 0.5701291079812207,
    "f1_weighted": 0.6187448925635727,
    "roc_auc_ovr": 0.7043653750620964
  },
  "test_linear_svm": {
    "accuracy": 0.6825938566552902,
    "precision_macro": 0.6888372093023256,
    "precision_weighted": 0.6866354472577189,
    "recall_macro": 0.6008445106805762,
    "recall_weighted": 0.6825938566552902,
    "f1_macro": 0.5886881311416021,
    "f1_weighted": 0.6376532594451679,
    "roc_auc_ovr": 0.6961810730253353
  }
}
