{
  "cv_logreg": {
    "accuracy": {
      "mean": 0.6586324362332263,
      "std": 0.016867335398051096
    },
    "f1_macro": {
      "mean": 0.6038116389688457,
      "std": 0.022030204222334624
    },
    "f1_weighted": {
      "mean": 0.6406801589379845,
      "std": 0.019273576941944138
    },
    "precision_macro": {
      "mean": 0.6277336810844373,
      "std": 0.022225632072683674
    },
    "recall_macro": {
      "mean": 0.6034744652705404,
      "std": 0.019904521653858268
    },
    "roc_auc_ovr": {
      "mean": 0.6785311699187553,
      "std": 0.016054513614447194
    }
  },
  "cv_linear_svm": {
    "accuracy": {
      "mean": 0.667380356943746,
      "std": 0.010043765086711566
    },
    "f1_macro": {
      "mean": 0.5761523301124656,
      "std": 0.015843721887871712
    },
    "f1_weighted": {
      "mean": 0.6253346423583758,
      "std": 0.013237766248356764
    },
    "precision_macro": {
      "mean": 0.6528947298306979,
      "std": 0.01856713460652042
    },
    "recall_macro": {
      "mean": 0.5882623629530626,
      "std": 0.011984255902956908
    },
    "roc_auc_ovr": {
      "mean": 0.6707838964931542,
      "std": 0.016673548536920248
    }
  },
  "val_logreg": {
    "accuracy": 0.6723549488054608,
    "precision_macro": 0.6458042161658515,
    "precision_weighted": 0.6605996625986108,
    "recall_macro": 0.6243790362642822,
    "recall_weighted": 0.6723549488054608,
    "f1_macro": 0.6271721121346676,
    "f1_weighted": 0.6595088481833726,
    "roc_auc_ovr": 0.6992051664182811
  },
  "test_logreg": {
    "accuracy": 0.7030716723549488,
    "precision_macro": 0.687291743798593,
    "precision_weighted": 0.695236121623517,
    "recall_macro": 0.6507824143070045,
    "recall_weighted": 0.7030716723549488,
    "f1_macro": 0.6553780012978585,
    "f1_weighted": 0.687319634207653,
    "roc_auc_ovr": 0.7103576751117735
  },
  "val_linear_svm": {
    "accuracy": 0.6655290102389079,
    "precision_macro": 0.6432338758288125,
    "precision_weighted": 0.652225836115757,
    "recall_macro": 0.5944361649279681,
    "recall_weighted": 0.6655290102389079,
    "f1_macro": 0.5881526104417671,
    "f1_weighted": 0.6326288087503599,
    "roc_auc_ovr": 0.6944485842026825
  },
  "test_linear_svm": {
    "accuracy": 0.6945392491467577,
    "precision_macro": 0.697876901092171,
    "precision_weighted": 0.6966078980087587,
    "recall_macro": 0.6203800298062594,
    "recall_weighted": 0.6945392491467577,
    "f1_macro": 0.6160134128439695,
    "f1_weighted": 0.6592767037881472,
    "roc_auc_ovr": 0.7057625434674615
  }
}
