{
  "cv_logreg": {
    "accuracy": {
      "mean": 0.6652422443355717,
      "std": 0.01142071302536599
    },
    "f1_macro": {
      "mean": 0.6232472443371859,
      "std": 0.011520948793395531
    },
    "f1_weighted": {
      "mean": 0.6546698471344439,
      "std": 0.010697156320733675
    },
    "precision_macro": {
      "mean": 0.6373886039178538,
      "std": 0.013639229607249078
    },
    "recall_macro": {
      "mean": 0.6207189212948598,
      "std": 0.010957422822710774
    },
    "roc_auc_ovr": {
      "mean": 0.6851955067985358,
      "std": 0.01668975211999754
    }
  },
  "cv_linear_svm": {
    "accuracy": {
      "mean": 0.6626854293860777,
      "std": 0.004226940459504751
    },
    "f1_macro": {
      "mean": 0.5574786806521098,
      "std": 0.013573970875606255
    },
    "f1_weighted": {
      "mean": 0.6114421432961417,
      "std": 0.010357763976994963
    },
    "precision_macro": {
      "mean": 0.6518652016060279,
      "std": 0.006161942079145151
    },
    "recall_macro": {
      "mean": 0.5769877109680863,
      "std": 0.007841315646969046
    },
    "roc_auc_ovr": {
      "mean": 0.6687284741945578,
      "std": 0.015499413772796742
    }
  },
  "val_logreg": {
    "accuracy": 0.6638225255972696,
    "precision_macro": 0.6364426770910562,
    "precision_weighted": 0.6549494265443301,
    "recall_macro": 0.6257078986587183,
    "recall_weighted": 0.6638225255972696,
    "f1_macro": 0.6283676984241956,
    "f1_weighted": 0.6569666197903216,
    "roc_auc_ovr": 0.692337307501242
  },
  "test_logreg": {
    "accuracy": 0.6621160409556314,
    "precision_macro": 0.6345698924731182,
    "precision_weighted": 0.6533630591948328,
    "recall_macro": 0.624341778440139,
    "recall_weighted": 0.6621160409556314,
    "f1_macro": 0.6269148156246382,
    "f1_weighted": 0.6554669206153327,
    "roc_auc_ovr": 0.6923621460506706
  },
  "val_linear_svm": {
    "accuracy": 0.6672354948805461,
    "precision_macro": 0.6539182970184737,
    "precision_weighted": 0.6587790742381301,
    "recall_macro": 0.5876428216592151,
    "recall_weighted": 0.6672354948805461,
    "f1_macro": 0.574994328050672,
    "f1_weighted": 0.6243247689193959,
    "roc_auc_ovr": 0.6821659215101838
  },
  "test_linear_svm": {
    "accuracy": 0.6791808873720137,
    "precision_macro": 0.6755535374502681,
    "precision_weighted": 0.67688417335121,
    "recall_macro": 0.6008320914058619,
    "recall_weighted": 0.6791808873720137,
    "f1_macro": 0.5910798331180497,
    "f1_weighted": 0.6383693695926038,
    "roc_auc_ovr": 0.6781669150521609
  }
}
